{
  "all_results": [
    {
      "model": "Logistic Regression",
      "accuracy": 0.8740629685157422,
      "precision": 0.6511627906976745,
      "recall": 0.28865979381443296,
      "f1": 0.4,
      "roc_auc": 0.8306746247060951
    },
    {
      "model": "Decision Tree",
      "accuracy": 0.9055472263868066,
      "precision": 0.6545454545454545,
      "recall": 0.7422680412371134,
      "f1": 0.6956521739130435,
      "roc_auc": 0.8378006872852234
    },
    {
      "model": "Random Forest",
      "accuracy": 0.9550224887556222,
      "precision": 0.9466666666666667,
      "recall": 0.7319587628865979,
      "f1": 0.8255813953488372,
      "roc_auc": 0.9208627238198589
    },
    {
      "model": "Xgboost",
      "accuracy": 0.9565217391304348,
      "precision": 0.9047619047619048,
      "recall": 0.7835051546391752,
      "f1": 0.8397790055248618,
      "roc_auc": 0.9096219931271478
    }
  ],
  "best_model": "Random Forest",
  "best_auc": 0.9208627238198589
}