{
  "best": {
    "model": "Xgboost",
    "accuracy": 0.967016491754123,
    "roc_auc": 0.9238741182854043
  },
  "all": [
    {
      "model": "Logistic Regression",
      "accuracy": 0.8440779610194903,
      "roc_auc": 0.8700126605172726
    },
    {
      "model": "Decision Tree",
      "accuracy": 0.9310344827586207,
      "roc_auc": 0.8698227527581841
    },
    {
      "model": "Random Forest",
      "accuracy": 0.952023988005997,
      "roc_auc": 0.9236118647133297
    },
    {
      "model": "Xgboost",
      "accuracy": 0.967016491754123,
      "roc_auc": 0.9238741182854043
    }
  ]
}